{
  "timestamp": "2025-08-04T12:01:38.060378",
  "tag": "daemon_loop",
  "data": {
    "timestamp": "2025-08-04T12:01:38.060347",
    "cycle": 2,
    "tag": "daemon_loop",
    "events": [
      {
        "name": "FlameSeed Ritual",
        "action": "Check Sigil Integrity"
      },
      {
        "name": "VaultLink",
        "action": "Mirror Modules"
      },
      {
        "name": "Grosian Core",
        "action": "Awakening Check"
      },
      {
        "name": "Claude Memory",
        "action": "Ping + Verify"
      }
    ]
  }
}